IdEmpresa,NomeFantasia,DataFechamento,IdConta,CodigoConta,ContaDescricao,ValorPadronizado
7288,3 Tentos Agroindustrial ,31/12/2024,332,3.03,Receita líquida de vendas e/ou serviços,12825771000.0
7288,3 Tentos Agroindustrial ,31/12/2023,332,3.03,Receita líquida de vendas e/ou serviços,8998985000.0
7288,3 Tentos Agroindustrial ,31/12/2024,55,1,Ativo total,8889423000.0
7288,3 Tentos Agroindustrial ,31/12/2022,332,3.03,Receita líquida de vendas e/ou serviços,6885839000.0
7288,3 Tentos Agroindustrial ,31/12/2023,55,1,Ativo total,6883789000.0
7288,3 Tentos Agroindustrial ,31/12/2022,55,1,Ativo total,6081989000.0
7288,3 Tentos Agroindustrial ,31/12/2024,56,1.01,Ativo circulante,5776390000.0
7288,3 Tentos Agroindustrial ,31/12/2023,56,1.01,Ativo circulante,4422008000.0
7288,3 Tentos Agroindustrial ,31/12/2022,56,1.01,Ativo circulante,4257219000.0
7288,3 Tentos Agroindustrial ,31/12/2024,286,2.03,Patrimônio líquido,4045718000.0
7288,3 Tentos Agroindustrial ,31/12/2024,178,2.01,Passivo circulante,3666344000.0
7288,3 Tentos Agroindustrial ,31/12/2023,286,2.03,Patrimônio líquido,3351891000.0
7288,3 Tentos Agroindustrial ,31/12/2024,103,1.02,Ativo não circulante,3113033000.0
7288,3 Tentos Agroindustrial ,31/12/2022,286,2.03,Patrimônio líquido,2818555000.0
7288,3 Tentos Agroindustrial ,31/12/2023,178,2.01,Passivo circulante,2784746000.0
7288,3 Tentos Agroindustrial ,31/12/2022,178,2.01,Passivo circulante,2739186000.0
7288,3 Tentos Agroindustrial ,31/12/2023,103,1.02,Ativo não circulante,2461781000.0
7288,3 Tentos Agroindustrial ,31/12/2022,103,1.02,Ativo não circulante,1824770000.0
7288,3 Tentos Agroindustrial ,31/12/2024,57,1.01.01,Caixa e equivalentes de caixa,1696858000.0
7288,3 Tentos Agroindustrial ,31/12/2024,347,3.07,Resultado antes do resultado financeiro e dos tributos,1245298000.0
7288,3 Tentos Agroindustrial ,31/12/2024,230,2.02,Passivo não circulante,1177361000.0
7288,3 Tentos Agroindustrial ,31/12/2023,57,1.01.01,Caixa e equivalentes de caixa,1028483000.0
7288,3 Tentos Agroindustrial ,31/12/2023,421,6.01,Caixa líquido das atividades operacionais,863505000.0
7288,3 Tentos Agroindustrial ,31/12/2024,375,3.18,Lucro/Prejuízo do período,756395000.0
7288,3 Tentos Agroindustrial ,31/12/2023,230,2.02,Passivo não circulante,747152000.0
7288,3 Tentos Agroindustrial ,31/12/2024,421,6.01,Caixa líquido das atividades operacionais,726212000.0
7288,3 Tentos Agroindustrial ,31/12/2022,57,1.01.01,Caixa e equivalentes de caixa,724314000.0
7288,3 Tentos Agroindustrial ,31/12/2023,375,3.18,Lucro/Prejuízo do período,573802000.0
7288,3 Tentos Agroindustrial ,31/12/2022,375,3.18,Lucro/Prejuízo do período,571174000.0
7288,3 Tentos Agroindustrial ,31/12/2022,347,3.07,Resultado antes do resultado financeiro e dos tributos,537651000.0
7288,3 Tentos Agroindustrial ,31/12/2022,230,2.02,Passivo não circulante,524248000.0
7288,3 Tentos Agroindustrial ,31/12/2024,473,6.03,Caixa líquido das atividades de financiamento,465459000.0
7288,3 Tentos Agroindustrial ,31/12/2023,347,3.07,Resultado antes do resultado financeiro e dos tributos,441690000.0
7288,3 Tentos Agroindustrial ,31/12/2022,421,6.01,Caixa líquido das atividades operacionais,257697000.0
7288,3 Tentos Agroindustrial ,31/12/2023,73,1.01.04,Aplicações financeiras,197451000.0
7288,3 Tentos Agroindustrial ,31/12/2022,473,6.03,Caixa líquido das atividades de financiamento,154975000.0
7288,3 Tentos Agroindustrial ,31/12/2022,73,1.01.04,Aplicações financeiras,154841000.0
7288,3 Tentos Agroindustrial ,31/12/2024,73,1.01.04,Aplicações financeiras,75404000.0
7288,3 Tentos Agroindustrial ,31/12/2022,462,6.02,Caixa líquido das atividades de investimento,-39948000.0
7288,3 Tentos Agroindustrial ,31/12/2023,473,6.03,Caixa líquido das atividades de financiamento,-99537000.0
7288,3 Tentos Agroindustrial ,31/12/2023,462,6.02,Caixa líquido das atividades de investimento,-459799000.0
7288,3 Tentos Agroindustrial ,31/12/2022,335,3.06,Despesas/Receitas operacionais,-505648000.0
7288,3 Tentos Agroindustrial ,31/12/2024,462,6.02,Caixa líquido das atividades de investimento,-523296000.0
7288,3 Tentos Agroindustrial ,31/12/2023,335,3.06,Despesas/Receitas operacionais,-804316000.0
7288,3 Tentos Agroindustrial ,31/12/2024,335,3.06,Despesas/Receitas operacionais,-1286205000.0
7288,3 Tentos Agroindustrial ,31/12/2022,333,3.04,Custo de bens e/ou serviços vendidos,-5842540000.0
7288,3 Tentos Agroindustrial ,31/12/2023,333,3.04,Custo de bens e/ou serviços vendidos,-7752979000.0
7288,3 Tentos Agroindustrial ,31/12/2024,333,3.04,Custo de bens e/ou serviços vendidos,-10294268000.0
24545,Almacenes Éxito,31/12/2024,332,3.03,Receita líquida de vendas e/ou serviços,28934575000.0
24545,Almacenes Éxito,31/12/2022,332,3.03,Receita líquida de vendas e/ou serviços,25029760000.0
24545,Almacenes Éxito,31/12/2024,55,1,Ativo total,24652780000.0
24545,Almacenes Éxito,31/12/2023,332,3.03,Receita líquida de vendas e/ou serviços,24435461000.0
24545,Almacenes Éxito,31/12/2023,55,1,Ativo total,20695906000.0
24545,Almacenes Éxito,31/12/2022,55,1,Ativo total,19710662000.0
24545,Almacenes Éxito,31/12/2024,103,1.02,Ativo não circulante,16989784000.0
24545,Almacenes Éxito,31/12/2023,103,1.02,Ativo não circulante,14004355000.0
24545,Almacenes Éxito,31/12/2022,103,1.02,Ativo não circulante,13271197000.0
24545,Almacenes Éxito,31/12/2024,286,2.03,Patrimônio líquido,11256603000.0
24545,Almacenes Éxito,31/12/2024,178,2.01,Passivo circulante,10107909000.0
24545,Almacenes Éxito,31/12/2023,286,2.03,Patrimônio líquido,9400449000.0
24545,Almacenes Éxito,31/12/2022,286,2.03,Patrimônio líquido,9148451000.0
24545,Almacenes Éxito,31/12/2023,178,2.01,Passivo circulante,9049362000.0
24545,Almacenes Éxito,31/12/2022,178,2.01,Passivo circulante,8031228000.0
24545,Almacenes Éxito,31/12/2024,56,1.01,Ativo circulante,7662996000.0
24545,Almacenes Éxito,31/12/2023,56,1.01,Ativo circulante,6691551000.0
24545,Almacenes Éxito,31/12/2022,56,1.01,Ativo circulante,6439465000.0
24545,Almacenes Éxito,31/12/2024,230,2.02,Passivo não circulante,3288268000.0
24545,Almacenes Éxito,31/12/2022,421,6.01,Caixa líquido das atividades operacionais,2878648000.0
24545,Almacenes Éxito,31/12/2022,230,2.02,Passivo não circulante,2530983000.0
24545,Almacenes Éxito,31/12/2023,230,2.02,Passivo não circulante,2246095000.0
24545,Almacenes Éxito,31/12/2023,57,1.01.01,Caixa e equivalentes de caixa,1910289000.0
24545,Almacenes Éxito,31/12/2024,57,1.01.01,Caixa e equivalentes de caixa,1889851000.0
24545,Almacenes Éxito,31/12/2022,57,1.01.01,Caixa e equivalentes de caixa,1880435000.0
24545,Almacenes Éxito,31/12/2023,421,6.01,Caixa líquido das atividades operacionais,1766621000.0
24545,Almacenes Éxito,31/12/2022,347,3.07,Resultado antes do resultado financeiro e dos tributos,1159757000.0
24545,Almacenes Éxito,31/12/2024,347,3.07,Resultado antes do resultado financeiro e dos tributos,931299000.0
24545,Almacenes Éxito,31/12/2023,347,3.07,Resultado antes do resultado financeiro e dos tributos,888895000.0
24545,Almacenes Éxito,31/12/2024,421,6.01,Caixa líquido das atividades operacionais,364129000.0
24545,Almacenes Éxito,31/12/2023,375,3.18,Lucro/Prejuízo do período,356518000.0
24545,Almacenes Éxito,31/12/2024,375,3.18,Lucro/Prejuízo do período,313728000.0
24545,Almacenes Éxito,31/12/2022,375,3.18,Lucro/Prejuízo do período,302546000.0
24545,Almacenes Éxito,31/12/2024,473,6.03,Caixa líquido das atividades de financiamento,-50437000.0
24545,Almacenes Éxito,31/12/2024,462,6.02,Caixa líquido das atividades de investimento,-533712000.0
24545,Almacenes Éxito,31/12/2022,462,6.02,Caixa líquido das atividades de investimento,-643269000.0
24545,Almacenes Éxito,31/12/2023,462,6.02,Caixa líquido das atividades de investimento,-679661000.0
24545,Almacenes Éxito,31/12/2023,473,6.03,Caixa líquido das atividades de financiamento,-1196654000.0
24545,Almacenes Éxito,31/12/2022,473,6.03,Caixa líquido das atividades de financiamento,-1500275000.0
24545,Almacenes Éxito,31/12/2022,335,3.06,Despesas/Receitas operacionais,-5200456000.0
24545,Almacenes Éxito,31/12/2023,335,3.06,Despesas/Receitas operacionais,-5388319000.0
24545,Almacenes Éxito,31/12/2024,335,3.06,Despesas/Receitas operacionais,-6385498000.0
24545,Almacenes Éxito,31/12/2023,333,3.04,Custo de bens e/ou serviços vendidos,-18158247000.0
24545,Almacenes Éxito,31/12/2022,333,3.04,Custo de bens e/ou serviços vendidos,-18669547000.0
24545,Almacenes Éxito,31/12/2024,333,3.04,Custo de bens e/ou serviços vendidos,-21617778000.0
7794,Assaí,31/12/2024,332,3.03,Receita líquida de vendas e/ou serviços,73819000000.0
7794,Assaí,31/12/2023,332,3.03,Receita líquida de vendas e/ou serviços,66503000000.0
7794,Assaí,31/12/2022,332,3.03,Receita líquida de vendas e/ou serviços,54520000000.0
7794,Assaí,31/12/2024,55,1,Ativo total,45593000000.0
7794,Assaí,31/12/2023,55,1,Ativo total,43177000000.0
7794,Assaí,31/12/2022,55,1,Ativo total,40618000000.0
7794,Assaí,31/12/2024,103,1.02,Ativo não circulante,29145000000.0
7794,Assaí,31/12/2023,103,1.02,Ativo não circulante,28561000000.0
7794,Assaí,31/12/2022,103,1.02,Ativo não circulante,26439000000.0
7794,Assaí,31/12/2024,230,2.02,Passivo não circulante,24026000000.0
7794,Assaí,31/12/2023,230,2.02,Passivo não circulante,22122000000.0
7794,Assaí,31/12/2022,230,2.02,Passivo não circulante,20306000000.0
7794,Assaí,31/12/2024,56,1.01,Ativo circulante,16448000000.0
7794,Assaí,31/12/2023,178,2.01,Passivo circulante,16425000000.0
7794,Assaí,31/12/2022,178,2.01,Passivo circulante,16416000000.0
7794,Assaí,31/12/2024,178,2.01,Passivo circulante,16312000000.0
7794,Assaí,31/12/2023,56,1.01,Ativo circulante,14616000000.0
7794,Assaí,31/12/2022,56,1.01,Ativo circulante,14179000000.0
7794,Assaí,31/12/2023,421,6.01,Caixa líquido das atividades operacionais,5963000000.0
7794,Assaí,31/12/2022,57,1.01.01,Caixa e equivalentes de caixa,5842000000.0
7794,Assaí,31/12/2024,57,1.01.01,Caixa e equivalentes de caixa,5628000000.0
7794,Assaí,31/12/2023,57,1.01.01,Caixa e equivalentes de caixa,5459000000.0
7794,Assaí,31/12/2024,286,2.03,Patrimônio líquido,5255000000.0
7794,Assaí,31/12/2022,421,6.01,Caixa líquido das atividades operacionais,5144000000.0
7794,Assaí,31/12/2024,421,6.01,Caixa líquido das atividades operacionais,4932000000.0
7794,Assaí,31/12/2023,286,2.03,Patrimônio líquido,4630000000.0
7794,Assaí,31/12/2022,286,2.03,Patrimônio líquido,3896000000.0
7794,Assaí,31/12/2024,347,3.07,Resultado antes do resultado financeiro e dos tributos,3844000000.0
7794,Assaí,31/12/2023,347,3.07,Resultado antes do resultado financeiro e dos tributos,3285000000.0
7794,Assaí,31/12/2022,347,3.07,Resultado antes do resultado financeiro e dos tributos,2850000000.0
7794,Assaí,31/12/2022,473,6.03,Caixa líquido das atividades de financiamento,1938000000.0
7794,Assaí,31/12/2022,375,3.18,Lucro/Prejuízo do período,1220000000.0
7794,Assaí,31/12/2024,375,3.18,Lucro/Prejuízo do período,769000000.0
7794,Assaí,31/12/2023,375,3.18,Lucro/Prejuízo do período,710000000.0
7794,Assaí,31/12/2024,462,6.02,Caixa líquido das atividades de investimento,-1670000000.0
7794,Assaí,31/12/2023,462,6.02,Caixa líquido das atividades de investimento,-3055000000.0
7794,Assaí,31/12/2024,473,6.03,Caixa líquido das atividades de financiamento,-3093000000.0
7794,Assaí,31/12/2023,473,6.03,Caixa líquido das atividades de financiamento,-3291000000.0
7794,Assaí,31/12/2022,462,6.02,Caixa líquido das atividades de investimento,-3790000000.0
7794,Assaí,31/12/2022,335,3.06,Despesas/Receitas operacionais,-6113000000.0
7794,Assaí,31/12/2023,335,3.06,Despesas/Receitas operacionais,-7536000000.0
7794,Assaí,31/12/2024,335,3.06,Despesas/Receitas operacionais,-8377000000.0
7794,Assaí,31/12/2022,333,3.04,Custo de bens e/ou serviços vendidos,-45557000000.0
7794,Assaí,31/12/2023,333,3.04,Custo de bens e/ou serviços vendidos,-55682000000.0
7794,Assaí,31/12/2024,333,3.04,Custo de bens e/ou serviços vendidos,-61598000000.0
21606,C&A,31/12/2024,55,1,Ativo total,10053899000.0
21606,C&A,31/12/2023,55,1,Ativo total,9725565000.0
21606,C&A,31/12/2022,55,1,Ativo total,9629594000.0
21606,C&A,31/12/2024,332,3.03,Receita líquida de vendas e/ou serviços,7636539000.0
21606,C&A,31/12/2023,332,3.03,Receita líquida de vendas e/ou serviços,6719317000.0
21606,C&A,31/12/2022,332,3.03,Receita líquida de vendas e/ou serviços,6183550000.0
21606,C&A,31/12/2023,103,1.02,Ativo não circulante,5283723000.0
21606,C&A,31/12/2024,103,1.02,Ativo não circulante,5060506000.0
21606,C&A,31/12/2024,56,1.01,Ativo circulante,4993393000.0
21606,C&A,31/12/2022,103,1.02,Ativo não circulante,4876371000.0
21606,C&A,31/12/2022,56,1.01,Ativo circulante,4753223000.0
21606,C&A,31/12/2023,56,1.01,Ativo circulante,4441842000.0
21606,C&A,31/12/2024,178,2.01,Passivo circulante,3850272000.0
21606,C&A,31/12/2023,230,2.02,Passivo não circulante,3699227000.0
21606,C&A,31/12/2022,178,2.01,Passivo circulante,3679731000.0
21606,C&A,31/12/2024,286,2.03,Patrimônio líquido,3308488000.0
21606,C&A,31/12/2023,178,2.01,Passivo circulante,3035263000.0
21606,C&A,31/12/2022,286,2.03,Patrimônio líquido,3000196000.0
21606,C&A,31/12/2023,286,2.03,Patrimônio líquido,2991075000.0
21606,C&A,31/12/2022,230,2.02,Passivo não circulante,2949667000.0
21606,C&A,31/12/2024,230,2.02,Passivo não circulante,2895139000.0
21606,C&A,31/12/2022,57,1.01.01,Caixa e equivalentes de caixa,1674091000.0
21606,C&A,31/12/2024,421,6.01,Caixa líquido das atividades operacionais,1485047000.0
21606,C&A,31/12/2024,57,1.01.01,Caixa e equivalentes de caixa,1403225000.0
21606,C&A,31/12/2023,57,1.01.01,Caixa e equivalentes de caixa,1155588000.0
21606,C&A,31/12/2022,421,6.01,Caixa líquido das atividades operacionais,1090374000.0
21606,C&A,31/12/2023,421,6.01,Caixa líquido das atividades operacionais,966746000.0
21606,C&A,31/12/2024,347,3.07,Resultado antes do resultado financeiro e dos tributos,809245000.0
21606,C&A,31/12/2024,375,3.18,Lucro/Prejuízo do período,452478000.0
21606,C&A,31/12/2023,347,3.07,Resultado antes do resultado financeiro e dos tributos,398685000.0
21606,C&A,31/12/2022,347,3.07,Resultado antes do resultado financeiro e dos tributos,268180000.0
21606,C&A,31/12/2023,73,1.01.04,Aplicações financeiras,191587000.0
21606,C&A,31/12/2024,73,1.01.04,Aplicações financeiras,169310000.0
21606,C&A,31/12/2022,73,1.01.04,Aplicações financeiras,8735000.0
21606,C&A,31/12/2022,473,6.03,Caixa líquido das atividades de financiamento,5054000.0
21606,C&A,31/12/2022,375,3.18,Lucro/Prejuízo do período,829000.0
21606,C&A,31/12/2023,375,3.18,Lucro/Prejuízo do período,-6820000.0
21606,C&A,31/12/2023,462,6.02,Caixa líquido das atividades de investimento,-234423000.0
21606,C&A,31/12/2024,462,6.02,Caixa líquido das atividades de investimento,-291762000.0
21606,C&A,31/12/2022,462,6.02,Caixa líquido das atividades de investimento,-471588000.0
21606,C&A,31/12/2024,473,6.03,Caixa líquido das atividades de financiamento,-945648000.0
21606,C&A,31/12/2023,473,6.03,Caixa líquido das atividades de financiamento,-1250826000.0
21606,C&A,31/12/2022,335,3.06,Despesas/Receitas operacionais,-2773658000.0
21606,C&A,31/12/2023,335,3.06,Despesas/Receitas operacionais,-3123583000.0
21606,C&A,31/12/2022,333,3.04,Custo de bens e/ou serviços vendidos,-3141712000.0
21606,C&A,31/12/2023,333,3.04,Custo de bens e/ou serviços vendidos,-3197049000.0
21606,C&A,31/12/2024,335,3.06,Despesas/Receitas operacionais,-3367324000.0
21606,C&A,31/12/2024,333,3.04,Custo de bens e/ou serviços vendidos,-3459970000.0
14229,Carrefour,31/12/2024,332,3.03,Receita líquida de vendas e/ou serviços,115636000000.0
14229,Carrefour,31/12/2023,332,3.03,Receita líquida de vendas e/ou serviços,109859000000.0
14229,Carrefour,31/12/2022,332,3.03,Receita líquida de vendas e/ou serviços,102890000000.0
14229,Carrefour,31/12/2024,55,1,Ativo total,100188000000.0
14229,Carrefour,31/12/2023,55,1,Ativo total,92766000000.0
14229,Carrefour,31/12/2022,55,1,Ativo total,92328000000.0
14229,Carrefour,31/12/2024,178,2.01,Passivo circulante,51271000000.0
14229,Carrefour,31/12/2024,56,1.01,Ativo circulante,51210000000.0
14229,Carrefour,31/12/2022,103,1.02,Ativo não circulante,49314000000.0
14229,Carrefour,31/12/2024,103,1.02,Ativo não circulante,48978000000.0
14229,Carrefour,31/12/2023,103,1.02,Ativo não circulante,48123000000.0
14229,Carrefour,31/12/2023,178,2.01,Passivo circulante,47431000000.0
14229,Carrefour,31/12/2022,178,2.01,Passivo circulante,46725000000.0
14229,Carrefour,31/12/2023,56,1.01,Ativo circulante,44643000000.0
14229,Carrefour,31/12/2022,56,1.01,Ativo circulante,43014000000.0
14229,Carrefour,31/12/2024,230,2.02,Passivo não circulante,26303000000.0
14229,Carrefour,31/12/2023,230,2.02,Passivo não circulante,24508000000.0
14229,Carrefour,31/12/2022,230,2.02,Passivo não circulante,23831000000.0
14229,Carrefour,31/12/2024,286,2.03,Patrimônio líquido,22614000000.0
14229,Carrefour,31/12/2022,286,2.03,Patrimônio líquido,21772000000.0
14229,Carrefour,31/12/2023,286,2.03,Patrimônio líquido,20827000000.0
14229,Carrefour,31/12/2024,57,1.01.01,Caixa e equivalentes de caixa,15207000000.0
14229,Carrefour,31/12/2023,57,1.01.01,Caixa e equivalentes de caixa,12029000000.0
14229,Carrefour,31/12/2022,57,1.01.01,Caixa e equivalentes de caixa,10835000000.0
14229,Carrefour,31/12/2022,421,6.01,Caixa líquido das atividades operacionais,6973000000.0
14229,Carrefour,31/12/2022,347,3.07,Resultado antes do resultado financeiro e dos tributos,4933000000.0
14229,Carrefour,31/12/2023,421,6.01,Caixa líquido das atividades operacionais,4729000000.0
14229,Carrefour,31/12/2024,421,6.01,Caixa líquido das atividades operacionais,4706000000.0
14229,Carrefour,31/12/2024,347,3.07,Resultado antes do resultado financeiro e dos tributos,4271000000.0
14229,Carrefour,31/12/2022,473,6.03,Caixa líquido das atividades de financiamento,4219000000.0
14229,Carrefour,31/12/2023,347,3.07,Resultado antes do resultado financeiro e dos tributos,2841000000.0
14229,Carrefour,31/12/2022,375,3.18,Lucro/Prejuízo do período,1998000000.0
14229,Carrefour,31/12/2024,375,3.18,Lucro/Prejuízo do período,1940000000.0
14229,Carrefour,31/12/2023,73,1.01.04,Aplicações financeiras,272000000.0
14229,Carrefour,31/12/2022,73,1.01.04,Aplicações financeiras,256000000.0
14229,Carrefour,31/12/2024,73,1.01.04,Aplicações financeiras,1000000.0
14229,Carrefour,31/12/2024,473,6.03,Caixa líquido das atividades de financiamento,-502000000.0
14229,Carrefour,31/12/2023,375,3.18,Lucro/Prejuízo do período,-639000000.0
14229,Carrefour,31/12/2023,462,6.02,Caixa líquido das atividades de investimento,-906000000.0
14229,Carrefour,31/12/2024,462,6.02,Caixa líquido das atividades de investimento,-1026000000.0
14229,Carrefour,31/12/2023,473,6.03,Caixa líquido das atividades de financiamento,-2629000000.0
14229,Carrefour,31/12/2022,462,6.02,Caixa líquido das atividades de investimento,-7302000000.0
14229,Carrefour,31/12/2022,335,3.06,Despesas/Receitas operacionais,-14716000000.0
14229,Carrefour,31/12/2024,335,3.06,Despesas/Receitas operacionais,-16904000000.0
14229,Carrefour,31/12/2023,335,3.06,Despesas/Receitas operacionais,-17820000000.0
14229,Carrefour,31/12/2022,333,3.04,Custo de bens e/ou serviços vendidos,-83241000000.0
14229,Carrefour,31/12/2023,333,3.04,Custo de bens e/ou serviços vendidos,-89198000000.0
14229,Carrefour,31/12/2024,333,3.04,Custo de bens e/ou serviços vendidos,-94461000000.0
2575,Drogasil,31/12/2024,332,3.03,Receita líquida de vendas e/ou serviços,38871522000.0
2575,Drogasil,31/12/2023,332,3.03,Receita líquida de vendas e/ou serviços,33973790000.0
2575,Drogasil,31/12/2022,332,3.03,Receita líquida de vendas e/ou serviços,29067380000.0
2575,Drogasil,31/12/2024,55,1,Ativo total,22163756000.0
2575,Drogasil,31/12/2023,55,1,Ativo total,20094412000.0
2575,Drogasil,31/12/2022,55,1,Ativo total,17185306000.0
2575,Drogasil,31/12/2024,56,1.01,Ativo circulante,12703710000.0
2575,Drogasil,31/12/2023,56,1.01,Ativo circulante,11561674000.0
2575,Drogasil,31/12/2022,56,1.01,Ativo circulante,9577068000.0
2575,Drogasil,31/12/2024,103,1.02,Ativo não circulante,9460046000.0
2575,Drogasil,31/12/2024,178,2.01,Passivo circulante,9194959000.0
2575,Drogasil,31/12/2023,103,1.02,Ativo não circulante,8532738000.0
2575,Drogasil,31/12/2023,178,2.01,Passivo circulante,8079497000.0
2575,Drogasil,31/12/2022,103,1.02,Ativo não circulante,7608238000.0
2575,Drogasil,31/12/2024,230,2.02,Passivo não circulante,6521910000.0
2575,Drogasil,31/12/2024,286,2.03,Patrimônio líquido,6446887000.0
2575,Drogasil,31/12/2022,178,2.01,Passivo circulante,6367168000.0
2575,Drogasil,31/12/2023,286,2.03,Patrimônio líquido,6028301000.0
2575,Drogasil,31/12/2023,230,2.02,Passivo não circulante,5986614000.0
2575,Drogasil,31/12/2022,230,2.02,Passivo não circulante,5415197000.0
2575,Drogasil,31/12/2022,286,2.03,Patrimônio líquido,5402941000.0
2575,Drogasil,31/12/2024,421,6.01,Caixa líquido das atividades operacionais,2771263000.0
2575,Drogasil,31/12/2024,347,3.07,Resultado antes do resultado financeiro e dos tributos,2352106000.0
2575,Drogasil,31/12/2023,347,3.07,Resultado antes do resultado financeiro e dos tributos,2080489000.0
2575,Drogasil,31/12/2022,347,3.07,Resultado antes do resultado financeiro e dos tributos,1839324000.0
2575,Drogasil,31/12/2023,421,6.01,Caixa líquido das atividades operacionais,1785327000.0
2575,Drogasil,31/12/2022,421,6.01,Caixa líquido das atividades operacionais,1682124000.0
2575,Drogasil,31/12/2024,375,3.18,Lucro/Prejuízo do período,1211373000.0
2575,Drogasil,31/12/2023,375,3.18,Lucro/Prejuízo do período,1087143000.0
2575,Drogasil,31/12/2022,375,3.18,Lucro/Prejuízo do período,1014968000.0
2575,Drogasil,31/12/2024,57,1.01.01,Caixa e equivalentes de caixa,528002000.0
2575,Drogasil,31/12/2022,57,1.01.01,Caixa e equivalentes de caixa,433541000.0
2575,Drogasil,31/12/2023,57,1.01.01,Caixa e equivalentes de caixa,412321000.0
2575,Drogasil,31/12/2023,73,1.01.04,Aplicações financeiras,26506000.0
2575,Drogasil,31/12/2024,73,1.01.04,Aplicações financeiras,15706000.0
2575,Drogasil,31/12/2022,473,6.03,Caixa líquido das atividades de financiamento,-375250000.0
2575,Drogasil,31/12/2023,473,6.03,Caixa líquido das atividades de financiamento,-499424000.0
2575,Drogasil,31/12/2022,462,6.02,Caixa líquido das atividades de investimento,-1229451000.0
2575,Drogasil,31/12/2024,473,6.03,Caixa líquido das atividades de financiamento,-1242671000.0
2575,Drogasil,31/12/2023,462,6.02,Caixa líquido das atividades de investimento,-1307123000.0
2575,Drogasil,31/12/2024,462,6.02,Caixa líquido das atividades de investimento,-1412911000.0
2575,Drogasil,31/12/2022,335,3.06,Despesas/Receitas operacionais,-6970144000.0
2575,Drogasil,31/12/2023,335,3.06,Despesas/Receitas operacionais,-8126875000.0
2575,Drogasil,31/12/2024,335,3.06,Despesas/Receitas operacionais,-9204675000.0
2575,Drogasil,31/12/2022,333,3.04,Custo de bens e/ou serviços vendidos,-20257912000.0
2575,Drogasil,31/12/2023,333,3.04,Custo de bens e/ou serviços vendidos,-23766426000.0
2575,Drogasil,31/12/2024,333,3.04,Custo de bens e/ou serviços vendidos,-27314741000.0
14,GPA,31/12/2022,55,1,Ativo total,43839000000.0
14,GPA,31/12/2022,56,1.01,Ativo circulante,28559000000.0
14,GPA,31/12/2023,55,1,Ativo total,22050000000.0
14,GPA,31/12/2024,55,1,Ativo total,19703000000.0
14,GPA,31/12/2024,332,3.03,Receita líquida de vendas e/ou serviços,18790000000.0
14,GPA,31/12/2023,332,3.03,Receita líquida de vendas e/ou serviços,17793000000.0
14,GPA,31/12/2022,178,2.01,Passivo circulante,17747000000.0
14,GPA,31/12/2022,332,3.03,Receita líquida de vendas e/ou serviços,17321000000.0
14,GPA,31/12/2022,103,1.02,Ativo não circulante,15280000000.0
14,GPA,31/12/2023,103,1.02,Ativo não circulante,14527000000.0
14,GPA,31/12/2022,286,2.03,Patrimônio líquido,13733000000.0
14,GPA,31/12/2024,103,1.02,Ativo não circulante,13587000000.0
14,GPA,31/12/2022,230,2.02,Passivo não circulante,12359000000.0
14,GPA,31/12/2023,230,2.02,Passivo não circulante,11103000000.0
14,GPA,31/12/2024,230,2.02,Passivo não circulante,10412000000.0
14,GPA,31/12/2023,56,1.01,Ativo circulante,7523000000.0
14,GPA,31/12/2024,178,2.01,Passivo circulante,6356000000.0
14,GPA,31/12/2023,178,2.01,Passivo circulante,6225000000.0
14,GPA,31/12/2024,56,1.01,Ativo circulante,6116000000.0
14,GPA,31/12/2023,286,2.03,Patrimônio líquido,4722000000.0
14,GPA,31/12/2022,57,1.01.01,Caixa e equivalentes de caixa,3751000000.0
14,GPA,31/12/2023,57,1.01.01,Caixa e equivalentes de caixa,2971000000.0
14,GPA,31/12/2024,286,2.03,Patrimônio líquido,2935000000.0
14,GPA,31/12/2022,462,6.02,Caixa líquido das atividades de investimento,2834000000.0
14,GPA,31/12/2024,57,1.01.01,Caixa e equivalentes de caixa,2631000000.0
14,GPA,31/12/2024,421,6.01,Caixa líquido das atividades operacionais,1363000000.0
14,GPA,31/12/2023,73,1.01.04,Aplicações financeiras,777000000.0
14,GPA,31/12/2023,347,3.07,Resultado antes do resultado financeiro e dos tributos,660000000.0
14,GPA,31/12/2023,421,6.01,Caixa líquido das atividades operacionais,563000000.0
14,GPA,31/12/2024,462,6.02,Caixa líquido das atividades de investimento,338000000.0
14,GPA,31/12/2024,73,1.01.04,Aplicações financeiras,15000000.0
14,GPA,31/12/2022,375,3.18,Lucro/Prejuízo do período,-4000000.0
14,GPA,31/12/2022,421,6.01,Caixa líquido das atividades operacionais,-216000000.0
14,GPA,31/12/2024,347,3.07,Resultado antes do resultado financeiro e dos tributos,-436000000.0
14,GPA,31/12/2022,347,3.07,Resultado antes do resultado financeiro e dos tributos,-565000000.0
14,GPA,31/12/2023,462,6.02,Caixa líquido das atividades de investimento,-1597000000.0
14,GPA,31/12/2023,473,6.03,Caixa líquido das atividades de financiamento,-1705000000.0
14,GPA,31/12/2024,473,6.03,Caixa líquido das atividades de financiamento,-2041000000.0
14,GPA,31/12/2023,375,3.18,Lucro/Prejuízo do período,-2134000000.0
14,GPA,31/12/2024,375,3.18,Lucro/Prejuízo do período,-2403000000.0
14,GPA,31/12/2023,335,3.06,Despesas/Receitas operacionais,-4037000000.0
14,GPA,31/12/2022,473,6.03,Caixa líquido das atividades de financiamento,-4703000000.0
14,GPA,31/12/2022,335,3.06,Despesas/Receitas operacionais,-4867000000.0
14,GPA,31/12/2024,335,3.06,Despesas/Receitas operacionais,-5608000000.0
14,GPA,31/12/2022,333,3.04,Custo de bens e/ou serviços vendidos,-13019000000.0
14,GPA,31/12/2023,333,3.04,Custo de bens e/ou serviços vendidos,-13096000000.0
14,GPA,31/12/2024,333,3.04,Custo de bens e/ou serviços vendidos,-13618000000.0
22631,Grupo Mateus,31/12/2024,332,3.03,Receita líquida de vendas e/ou serviços,32085428000.0
22631,Grupo Mateus,31/12/2023,332,3.03,Receita líquida de vendas e/ou serviços,26773586000.0
22631,Grupo Mateus,31/12/2022,332,3.03,Receita líquida de vendas e/ou serviços,21768477000.0
22631,Grupo Mateus,31/12/2024,55,1,Ativo total,18959322000.0
22631,Grupo Mateus,31/12/2023,55,1,Ativo total,16357296000.0
22631,Grupo Mateus,31/12/2022,55,1,Ativo total,13263938000.0
22631,Grupo Mateus,31/12/2024,56,1.01,Ativo circulante,11969284000.0
22631,Grupo Mateus,31/12/2023,56,1.01,Ativo circulante,10370535000.0
22631,Grupo Mateus,31/12/2024,286,2.03,Patrimônio líquido,9963448000.0
22631,Grupo Mateus,31/12/2022,56,1.01,Ativo circulante,8800267000.0
22631,Grupo Mateus,31/12/2023,286,2.03,Patrimônio líquido,8773513000.0
22631,Grupo Mateus,31/12/2022,286,2.03,Patrimônio líquido,7541985000.0
22631,Grupo Mateus,31/12/2024,103,1.02,Ativo não circulante,6990038000.0
22631,Grupo Mateus,31/12/2023,103,1.02,Ativo não circulante,5986761000.0
22631,Grupo Mateus,31/12/2024,178,2.01,Passivo circulante,4673250000.0
22631,Grupo Mateus,31/12/2022,103,1.02,Ativo não circulante,4463671000.0
22631,Grupo Mateus,31/12/2024,230,2.02,Passivo não circulante,4322624000.0
22631,Grupo Mateus,31/12/2023,178,2.01,Passivo circulante,4235730000.0
22631,Grupo Mateus,31/12/2023,230,2.02,Passivo não circulante,3348053000.0
22631,Grupo Mateus,31/12/2022,230,2.02,Passivo não circulante,2968607000.0
22631,Grupo Mateus,31/12/2022,178,2.01,Passivo circulante,2753346000.0
22631,Grupo Mateus,31/12/2024,347,3.07,Resultado antes do resultado financeiro e dos tributos,2090814000.0
22631,Grupo Mateus,31/12/2022,57,1.01.01,Caixa e equivalentes de caixa,1795647000.0
22631,Grupo Mateus,31/12/2023,347,3.07,Resultado antes do resultado financeiro e dos tributos,1682611000.0
22631,Grupo Mateus,31/12/2024,57,1.01.01,Caixa e equivalentes de caixa,1664167000.0
22631,Grupo Mateus,31/12/2024,421,6.01,Caixa líquido das atividades operacionais,1460996000.0
22631,Grupo Mateus,31/12/2022,347,3.07,Resultado antes do resultado financeiro e dos tributos,1365284000.0
22631,Grupo Mateus,31/12/2024,375,3.18,Lucro/Prejuízo do período,1334894000.0
22631,Grupo Mateus,31/12/2023,57,1.01.01,Caixa e equivalentes de caixa,1289138000.0
22631,Grupo Mateus,31/12/2023,375,3.18,Lucro/Prejuízo do período,1234638000.0
22631,Grupo Mateus,31/12/2022,375,3.18,Lucro/Prejuízo do período,1064795000.0
22631,Grupo Mateus,31/12/2022,421,6.01,Caixa líquido das atividades operacionais,977778000.0
22631,Grupo Mateus,31/12/2023,421,6.01,Caixa líquido das atividades operacionais,954378000.0
22631,Grupo Mateus,31/12/2022,473,6.03,Caixa líquido das atividades de financiamento,540199000.0
22631,Grupo Mateus,31/12/2024,473,6.03,Caixa líquido das atividades de financiamento,47243000.0
22631,Grupo Mateus,31/12/2023,473,6.03,Caixa líquido das atividades de financiamento,-384834000.0
22631,Grupo Mateus,31/12/2022,462,6.02,Caixa líquido das atividades de investimento,-599585000.0
22631,Grupo Mateus,31/12/2023,462,6.02,Caixa líquido das atividades de investimento,-1076053000.0
22631,Grupo Mateus,31/12/2024,462,6.02,Caixa líquido das atividades de investimento,-1133210000.0
22631,Grupo Mateus,31/12/2022,335,3.06,Despesas/Receitas operacionais,-3433758000.0
22631,Grupo Mateus,31/12/2023,335,3.06,Despesas/Receitas operacionais,-4130317000.0
22631,Grupo Mateus,31/12/2024,335,3.06,Despesas/Receitas operacionais,-5169259000.0
22631,Grupo Mateus,31/12/2022,333,3.04,Custo de bens e/ou serviços vendidos,-16969435000.0
22631,Grupo Mateus,31/12/2023,333,3.04,Custo de bens e/ou serviços vendidos,-20960658000.0
22631,Grupo Mateus,31/12/2024,333,3.04,Custo de bens e/ou serviços vendidos,-24825355000.0
22096,Lojas Quero Quero,31/12/2024,55,1,Ativo total,3702247000.0
22096,Lojas Quero Quero,31/12/2023,55,1,Ativo total,3305723000.0
22096,Lojas Quero Quero,31/12/2022,55,1,Ativo total,3031361000.0
22096,Lojas Quero Quero,31/12/2024,332,3.03,Receita líquida de vendas e/ou serviços,2666330000.0
22096,Lojas Quero Quero,31/12/2024,56,1.01,Ativo circulante,2639842000.0
22096,Lojas Quero Quero,31/12/2023,332,3.03,Receita líquida de vendas e/ou serviços,2398127000.0
22096,Lojas Quero Quero,31/12/2022,332,3.03,Receita líquida de vendas e/ou serviços,2312668000.0
22096,Lojas Quero Quero,31/12/2023,56,1.01,Ativo circulante,2218074000.0
22096,Lojas Quero Quero,31/12/2022,56,1.01,Ativo circulante,2032988000.0
22096,Lojas Quero Quero,31/12/2024,178,2.01,Passivo circulante,1694929000.0
22096,Lojas Quero Quero,31/12/2023,230,2.02,Passivo não circulante,1464765000.0
22096,Lojas Quero Quero,31/12/2024,230,2.02,Passivo não circulante,1461321000.0
22096,Lojas Quero Quero,31/12/2022,230,2.02,Passivo não circulante,1419554000.0
22096,Lojas Quero Quero,31/12/2023,178,2.01,Passivo circulante,1307156000.0
22096,Lojas Quero Quero,31/12/2023,103,1.02,Ativo não circulante,1087649000.0
22096,Lojas Quero Quero,31/12/2022,178,2.01,Passivo circulante,1074985000.0
22096,Lojas Quero Quero,31/12/2024,103,1.02,Ativo não circulante,1062405000.0
22096,Lojas Quero Quero,31/12/2022,103,1.02,Ativo não circulante,998373000.0
22096,Lojas Quero Quero,31/12/2024,286,2.03,Patrimônio líquido,545997000.0
22096,Lojas Quero Quero,31/12/2022,286,2.03,Patrimônio líquido,536822000.0
22096,Lojas Quero Quero,31/12/2023,286,2.03,Patrimônio líquido,533802000.0
22096,Lojas Quero Quero,31/12/2024,57,1.01.01,Caixa e equivalentes de caixa,489905000.0
22096,Lojas Quero Quero,31/12/2023,57,1.01.01,Caixa e equivalentes de caixa,421357000.0
22096,Lojas Quero Quero,31/12/2022,57,1.01.01,Caixa e equivalentes de caixa,416779000.0
22096,Lojas Quero Quero,31/12/2024,421,6.01,Caixa líquido das atividades operacionais,323646000.0
22096,Lojas Quero Quero,31/12/2022,421,6.01,Caixa líquido das atividades operacionais,236313000.0
22096,Lojas Quero Quero,31/12/2023,421,6.01,Caixa líquido das atividades operacionais,166481000.0
22096,Lojas Quero Quero,31/12/2024,73,1.01.04,Aplicações financeiras,163107000.0
22096,Lojas Quero Quero,31/12/2023,73,1.01.04,Aplicações financeiras,110209000.0
22096,Lojas Quero Quero,31/12/2024,347,3.07,Resultado antes do resultado financeiro e dos tributos,105655000.0
22096,Lojas Quero Quero,31/12/2023,347,3.07,Resultado antes do resultado financeiro e dos tributos,103006000.0
22096,Lojas Quero Quero,31/12/2022,347,3.07,Resultado antes do resultado financeiro e dos tributos,87554000.0
22096,Lojas Quero Quero,31/12/2022,73,1.01.04,Aplicações financeiras,75522000.0
22096,Lojas Quero Quero,31/12/2023,375,3.18,Lucro/Prejuízo do período,19679000.0
22096,Lojas Quero Quero,31/12/2024,375,3.18,Lucro/Prejuízo do período,146000.0
22096,Lojas Quero Quero,31/12/2022,375,3.18,Lucro/Prejuízo do período,-18703000.0
22096,Lojas Quero Quero,31/12/2022,473,6.03,Caixa líquido das atividades de financiamento,-20301000.0
22096,Lojas Quero Quero,31/12/2022,462,6.02,Caixa líquido das atividades de investimento,-55584000.0
22096,Lojas Quero Quero,31/12/2023,462,6.02,Caixa líquido das atividades de investimento,-79588000.0
22096,Lojas Quero Quero,31/12/2023,473,6.03,Caixa líquido das atividades de financiamento,-82315000.0
22096,Lojas Quero Quero,31/12/2024,462,6.02,Caixa líquido das atividades de investimento,-101745000.0
22096,Lojas Quero Quero,31/12/2024,473,6.03,Caixa líquido das atividades de financiamento,-153353000.0
22096,Lojas Quero Quero,31/12/2022,335,3.06,Despesas/Receitas operacionais,-681567000.0
22096,Lojas Quero Quero,31/12/2023,335,3.06,Despesas/Receitas operacionais,-723006000.0
22096,Lojas Quero Quero,31/12/2024,335,3.06,Despesas/Receitas operacionais,-822482000.0
22096,Lojas Quero Quero,31/12/2022,333,3.04,Custo de bens e/ou serviços vendidos,-1543547000.0
22096,Lojas Quero Quero,31/12/2023,333,3.04,Custo de bens e/ou serviços vendidos,-1572115000.0
22096,Lojas Quero Quero,31/12/2024,333,3.04,Custo de bens e/ou serviços vendidos,-1738193000.0
2389,Lojas Renner,31/12/2022,55,1,Ativo total,21148892000.0
2389,Lojas Renner,31/12/2023,55,1,Ativo total,20490638000.0
2389,Lojas Renner,31/12/2024,55,1,Ativo total,20364590000.0
2389,Lojas Renner,31/12/2024,332,3.03,Receita líquida de vendas e/ou serviços,14436366000.0
2389,Lojas Renner,31/12/2023,332,3.03,Receita líquida de vendas e/ou serviços,13647849000.0
2389,Lojas Renner,31/12/2022,332,3.03,Receita líquida de vendas e/ou serviços,13271137000.0
2389,Lojas Renner,31/12/2022,56,1.01,Ativo circulante,13053770000.0
2389,Lojas Renner,31/12/2024,56,1.01,Ativo circulante,12316659000.0
2389,Lojas Renner,31/12/2023,56,1.01,Ativo circulante,12191644000.0
2389,Lojas Renner,31/12/2024,286,2.03,Patrimônio líquido,10772951000.0
2389,Lojas Renner,31/12/2022,286,2.03,Patrimônio líquido,10087515000.0
2389,Lojas Renner,31/12/2023,286,2.03,Patrimônio líquido,10047221000.0
2389,Lojas Renner,31/12/2023,103,1.02,Ativo não circulante,8298994000.0
2389,Lojas Renner,31/12/2022,103,1.02,Ativo não circulante,8095122000.0
2389,Lojas Renner,31/12/2024,103,1.02,Ativo não circulante,8047931000.0
2389,Lojas Renner,31/12/2024,178,2.01,Passivo circulante,7647557470.0
2389,Lojas Renner,31/12/2023,178,2.01,Passivo circulante,7492553000.0
2389,Lojas Renner,31/12/2022,178,2.01,Passivo circulante,7005579000.0
2389,Lojas Renner,31/12/2022,230,2.02,Passivo não circulante,4055798000.0
2389,Lojas Renner,31/12/2023,230,2.02,Passivo não circulante,2950864000.0
2389,Lojas Renner,31/12/2022,57,1.01.01,Caixa e equivalentes de caixa,2848351000.0
2389,Lojas Renner,31/12/2023,421,6.01,Caixa líquido das atividades operacionais,2663364000.0
2389,Lojas Renner,31/12/2023,57,1.01.01,Caixa e equivalentes de caixa,2532187000.0
2389,Lojas Renner,31/12/2024,421,6.01,Caixa líquido das atividades operacionais,2487007000.0
2389,Lojas Renner,31/12/2024,230,2.02,Passivo não circulante,1944082000.0
2389,Lojas Renner,31/12/2024,57,1.01.01,Caixa e equivalentes de caixa,1926110000.0
2389,Lojas Renner,31/12/2022,421,6.01,Caixa líquido das atividades operacionais,1536237000.0
2389,Lojas Renner,31/12/2022,347,3.07,Resultado antes do resultado financeiro e dos tributos,1407401000.0
2389,Lojas Renner,31/12/2022,375,3.18,Lucro/Prejuízo do período,1291704000.0
2389,Lojas Renner,31/12/2024,347,3.07,Resultado antes do resultado financeiro e dos tributos,1259343000.0
2389,Lojas Renner,31/12/2024,375,3.18,Lucro/Prejuízo do período,1196668000.0
2389,Lojas Renner,31/12/2023,375,3.18,Lucro/Prejuízo do período,976259000.0
2389,Lojas Renner,31/12/2023,347,3.07,Resultado antes do resultado financeiro e dos tributos,889077000.0
2389,Lojas Renner,31/12/2024,73,1.01.04,Aplicações financeiras,845197000.0
2389,Lojas Renner,31/12/2022,73,1.01.04,Aplicações financeiras,655131000.0
2389,Lojas Renner,31/12/2023,73,1.01.04,Aplicações financeiras,571655000.0
2389,Lojas Renner,31/12/2024,462,6.02,Caixa líquido das atividades de investimento,-679201000.0
2389,Lojas Renner,31/12/2023,462,6.02,Caixa líquido das atividades de investimento,-892916000.0
2389,Lojas Renner,31/12/2022,462,6.02,Caixa líquido das atividades de investimento,-1190486000.0
2389,Lojas Renner,31/12/2023,473,6.03,Caixa líquido das atividades de financiamento,-2009108000.0
2389,Lojas Renner,31/12/2024,473,6.03,Caixa líquido das atividades de financiamento,-2426212000.0
2389,Lojas Renner,31/12/2022,473,6.03,Caixa líquido das atividades de financiamento,-2984396000.0
2389,Lojas Renner,31/12/2022,333,3.04,Custo de bens e/ou serviços vendidos,-5286323000.0
2389,Lojas Renner,31/12/2023,333,3.04,Custo de bens e/ou serviços vendidos,-5427247000.0
2389,Lojas Renner,31/12/2024,333,3.04,Custo de bens e/ou serviços vendidos,-5694417000.0
2389,Lojas Renner,31/12/2022,335,3.06,Despesas/Receitas operacionais,-6577413000.0
2389,Lojas Renner,31/12/2023,335,3.06,Despesas/Receitas operacionais,-7331525000.0
2389,Lojas Renner,31/12/2024,335,3.06,Despesas/Receitas operacionais,-7482606000.0
